	<!DOCTYPE beans PUBLIC "-//SPRING//DTD BEAN 2.0//EN"
			"https://www.springframework.org/dtd/spring-beans-2.0.dtd">
<beans>
	<bean class="beans.Engine" id="e1">
		<property name="modelyear" value="2013"/>
	</bean>
	<bean class="beans.Engine" id="e2">
		<property name="modelyear" value="2014"/>
	</bean>
	<bean class="beans.Engine" id="e3">
		<property name="modelyear" value="2015"/>
	</bean>
	
	
	<bean class="beans.Car" id="c">
		<property name="carname" >
			<list>
			<value>Audi</value>
			<value>Honda</value>
			<value>Benz</value>
			</list>
		</property>
		<property name="engine">
			<list>
			<ref bean="e1"/>
			<ref bean="e2"/>
			<ref bean="e3"/>
			</list>
		</property>	
		
	</bean>
	
	
</beans>