	<!DOCTYPE beans PUBLIC "-//SPRING//DTD BEAN 2.0//EN"
			"https://www.springframework.org/dtd/spring-beans-2.0.dtd">

<beans>
	<bean id="t" class="beans.Test">
		<property name="fruits">
			<list>
				<value>Apple</value>
				<value>Mango</value>
				<value>Orange</value>
			</list>
		</property>
		<property name="cricketers">
			<set>
				<value>Dhoni</value>
				<value>Pathans</value>
				<value>Rasheed</value>
			</set>
		</property>
		<property name="cc">
			<map>
					<entry key="India" value="Delhi"/>
					<entry key="Pak"  value="Islamabad"/>
					<entry key="Srilanka" value="Columbo"/>
			</map>
		</property>
	</bean>
</beans>