	<!DOCTYPE beans PUBLIC "-//SPRING//DTD BEAN 2.0//EN"
			"https://www.springframework.org/dtd/spring-beans-2.0.dtd">
			
<beans>
	<!-- Controller class name handler mapping -->
	
	<bean class="org.springframework.web.servlet.mvc.support.ControllerClassNameHandlerMapping"/>

	<!-- controller -->
	<bean class="controller.HelloController">
	<property name="viewName" value="output"/>
	
	</bean>
	<!-- view resolver -->
	<bean class="org.springframework.web.servlet.view.InternalResourceViewResolver">
		<property name="prefix" value="/"/>
		<property name="suffix" value=".jsp"/>
	</bean>
</beans>