	<!DOCTYPE beans PUBLIC "-//SPRING//DTD BEAN 2.0//EN"
			"https://www.springframework.org/dtd/spring-beans-2.0.dtd">
			
<beans>
	<!-- Controller class name handler mapping -->
	
	<bean name="/hello.ds" class="org.springframework.web.servlet.mvc.UrlFilenameViewController"/>
	<bean name="/hai.ds" class="org.springframework.web.servlet.mvc.UrlFilenameViewController"/>

	<!-- controller -->
	<bean class="controller.HelloController">
			<property name="viewName" value="success"/>
	</bean>
	<!-- view resolver -->
	<bean class="org.springframework.web.servlet.view.InternalResourceViewResolver">
		<property name="prefix" value="/WEB-INF/jsp/"/><!--here we will set path for hello and hai jsp pages whis is in jsp folder under WEB-INF  -->
		<property name="suffix" value=".jsp"/>
	</bean>
</beans>