
<beans  xmlns="http://www.springframework.org/schema/beans"
        xmlns:xsi="http://www.w3.org/2001/XMLSchema-instance"
        xmlns:util="http://www.springframework.org/schema/util"
        xsi:schemaLocation="
                     http://www.springframework.org/schema/beans
                     https://www.springframework.org/schema/beans/spring-beans.xsd
                     http://www.springframework.org/schema/util
                      https://www.springframework.org/schema/util/spring-util.xsd" > 
	
	<bean class="org.springframework.beans.factory.config.PropertyPlaceholderConfigurer">
		<property name="location" value="resources/Drivers.properties"/>
	</bean>
	<!-- inject context data into required bean -->
	
	<bean id="cp" class="beans.Cp">
		
		<property name="driver" value="${driver}"/>
		<property name="url" value="${url}"/>
		<property name="username" value="${user}"/>
		<property name="password" value="${pwd}"/>
	</bean>
</beans>