	<!DOCTYPE beans PUBLIC "-//SPRING//DTD BEAN 2.0//EN"
			"https://www.springframework.org/dtd/spring-beans-2.0.dtd">
			
<beans>
	<!-- simple url handler mapping -->
	
	<bean class="org.springframework.web.servlet.handler.SimpleUrlHandlerMapping">
			<property name="mappings">
				<props>
					<prop key="/empsave.ds">Empcrud</prop>
					<prop key="/empupdate.ds">Empcrud</prop>
				</props>
			
			</property>
	</bean>
	
	<!-- controller -->
	<bean name="Empcrud" class="controller.EmpCrudController">
	<property name="methodNameResolver">
	<!-- view resolver -->
	<bean class="org.springframework.web.servlet.mvc.multiaction.InternalPathMethodNameResolver">
		<property name="prefix" value="nawed"/>
		<property name="suffix" value="khan"/>
	</bean>	
	</property>
	</bean>
</beans>