<beans  xmlns="http://www.springframework.org/schema/beans"
        xmlns:xsi="http://www.w3.org/2001/XMLSchema-instance"
        xmlns:util="http://www.springframework.org/schema/util"
        xsi:schemaLocation="
                     http://www.springframework.org/schema/beans
                     https://www.springframework.org/schema/beans/spring-beans.xsd
                     http://www.springframework.org/schema/util
                      https://www.springframework.org/schema/util/spring-util.xsd" > 
	
	<bean id="t" class="beans.Test">
		<property name="fruits">
			<util:list list-class="java.util.Vector">
				<value>Apples</value>
				<value>Mangos</value>
				<value>Oranges</value>
			</util:list>
		</property>
		<property name="cricketers">
			<util:set set-class="java.util.TreeSet">
				<value>Dravid</value>
				<value>Irfan Pathan</value>
				<value>Rasheed</value>
			</util:set>
		</property>
		<property name="cc">
			<util:map map-class="java.util.Hashtable">
					<entry key="India" value="Delhi"/>
					<entry key="Pak"  value="Islamabad"/>
					<entry key="Srilanka" value="Columbo"/>
			</util:map>
		</property>
	</bean>
</beans>