	<!DOCTYPE beans PUBLIC "-//SPRING//DTD BEAN 2.0//EN"
			"https://www.springframework.org/dtd/spring-beans-2.0.dtd">
			
<beans>
	<!-- simple url handler mapping -->
	
	<bean class="org.springframework.web.servlet.handler.SimpleUrlHandlerMapping">
			<property name="mappings">
				<props>
					<prop key="/hello.ds">hc</prop>
				</props>
			
			</property>
	</bean>
	
	<!-- controller -->
	<bean name="hc" class="controller.HelloController"/>
	<!-- view resolver -->
	<bean class="org.springframework.web.servlet.view.InternalResourceViewResolver">
		<property name="prefix" value="/"/>
		<property name="suffix" value=".jsp"/>
	</bean>
</beans>