<?xml version="1.0" encoding="UTF-8"?>
		<!DOCTYPE beans PUBLIC "-//SPRING//DTD BEAN 2.0//EN"
			"http://www.springframework.org/dtd/spring-beans-2.0.dtd">

<beans default-init-method="init" default-destroy-method="destroy">

	<bean id="t" class="beans.Test">
		<property name="driver" value="oracle.jdbc.OracleDriver" />
		<property name="url" value="jdbc:oracle:thin:@localhost:1521:xe" />
		<property name="username" value="system" />
		<property name="pwd" value="pathan" />
		
	</bean>
	<bean id="t1" class="beans.Test1" init-method="init" destroy-method="destroy" />
	<bean id="t2" class="beans.Test2" init-method="init" destroy-method="destroy" />



</beans>