		
<beans xmlns="http://www.springframework.org/schema/beans"
xmlns:xsi="http://www.w3.org/2001/XMLSchema-instance"
xmlns:context="http://www.springframework.org/schema/context"
xsi:schemaLocation="http://www.springframework.org/schema/beans
https://www.springframework.org/schema/beans/spring-beans.xsd
http://www.springframework.org/schema/context
https://www.springframework.org/schema/context/spring-context.xsd">

<context:annotation-config/><!-- it use to activate AutowireAnnotationBeanPostProcessors class 
								for @Autowired and @Qualifier annotations -->


	
	<bean id="e1" class="beans.Engine"  >
		<property name="modelYear" value="2015"/>
		<!-- <qualifier value="eng"/>// here qualifier tag is optional only bean id
										 sufficient for @Qualifier annotation -->
	</bean>
	
	<bean id="e2" class="beans.Engine" >
		<property name="modelYear" value="2017"  />
		<!-- <qualifier value="eng1"/>// here qualifier tag is optional only bean id
										 sufficient for @Qualifier annotation -->
	</bean>
	
		
	<bean id="c" class="beans.Car"  >
	<property name="carName" value="bmw"/>
	
		
	</bean>
	
	
</beans>